{"cameraMode":{"drawMode":0,"name":"Shaded","section":"Shading Mode"},"sceneLighting":false,"audioPlay":false,"sceneViewState":{"showFog":true,"showMaterialUpdate":false,"showSkybox":false,"showFlares":true,"showImageEffects":true,"showParticleSystems":true},"in2DMode":false,"pivot":{"x":-5.170000076293945,"y":5.31685209274292,"z":0.38252460956573489},"rotation":{"x":0.5992571115493774,"y":-0.1406753659248352,"z":0.1079859510064125,"w":0.7806674242019653},"size":1.2247449159622193,"orthographic":false}