{"cameraMode":{"drawMode":0,"name":"Shaded","section":"Shading Mode"},"sceneLighting":false,"audioPlay":false,"sceneViewState":{"showFog":true,"showMaterialUpdate":false,"showSkybox":false,"showFlares":true,"showImageEffects":true,"showParticleSystems":true},"in2DMode":false,"pivot":{"x":0.0,"y":4.816852569580078,"z":0.09252440929412842},"rotation":{"x":-0.007571584079414606,"y":0.9486492872238159,"z":-0.3154256045818329,"w":-0.022771993651986123},"size":2.9706640243530275,"orthographic":false}